{"count":1,"self":17.447896,"total":19.909656299999998,"children":{"InitializeActuators":{"count":12,"self":0.0015130999999999999,"total":0.0015130999999999999,"children":null},"InitializeSensors":{"count":12,"self":0.0074944999999999994,"total":0.0074944999999999994,"children":null},"AgentSendState":{"count":733,"self":0.016567699999999998,"total":1.6281577999999999,"children":{"GridSensor.Update":{"count":1764,"self":1.5882292,"total":1.5882292,"children":null},"UpdateModelSpacePoses":{"count":1764,"self":0.0030164,"total":0.0030164,"children":null},"UpdateLocalSpacePoses":{"count":1764,"self":0.0022562,"total":0.0022562,"children":null},"CollectObservations":{"count":1764,"self":0.0020146,"total":0.0020146,"children":null},"WriteActionMask":{"count":1764,"self":0.0020047999999999997,"total":0.0020047999999999997,"children":null},"RequestDecision":{"count":1764,"self":0.014068899999999999,"total":0.014068899999999999,"children":null}}},"DecideAction":{"count":733,"self":0.6181084,"total":0.7976835,"children":{"GridSensor.Write":{"count":1764,"self":0.1795751,"total":0.1795751,"children":null}}},"AgentAct":{"count":733,"self":0.0259122,"total":0.0259122,"children":null}},"gauges":{},"metadata":{"timer_format_version":"0.1.0","start_time_seconds":"1691039282","unity_version":"2022.3.5f1","command_line_arguments":"C:\\Program Files\\Unity\\Hub\\Editor\\2022.3.5f1\\Editor\\Unity.exe -projectpath C:\\Users\\bbuen\\Documents\\GitHub\\Push-Block\\PushBlock -useHub -hubIPC -cloudEnvironment production","communication_protocol_version":"1.5.0","com.unity.ml-agents_version":"2.3.0-exp.3","scene_name":"PushBlockCollab","end_time_seconds":"1691039302"}}